{"0": {"t": [0.0, 1.0, 1.1052098515052333, 1.2214888158642199, 1.3500014727965977, 1.492034927281374, 1.6490117004212688, 1.8225039765529827, 2.014249349293819, 2.2261682242275347, 2.7192395881262446, 3.0053303814001584, 3.3215207445514348, 3.670977448857243, 4.057200441130575, 4.484057897068889, 4.955824962560375, 5.4772265709572805, 6.053484765148214, 6.6903709983786515, 7.394263937632988, 8.172213348501856, 9.03201070136682, 9.982267206051302, 11.03250005648552, 12.19322774915984, 13.476075430018433, 14.893891324883999, 16.46087541951013, 18.19272167804293, 20.10677522426587, 22.222206059859978, 24.56020105953655, 27.144176165949066, 33.156307602554904], "a": [0.13427734375, 0.134765625, 0.1356201171875, 0.13671875, 0.137939453125, 0.13916015625, 0.14013671875, 0.1409912109375, 0.1416015625, 0.1419677734375, 0.1417236328125, 0.1412353515625, 0.140625, 0.139892578125, 0.13916015625, 0.138427734375, 0.1375732421875, 0.1368408203125, 0.1361083984375, 0.135498046875, 0.134765625, 0.1341552734375, 0.1336669921875, 0.1331787109375, 0.1326904296875, 0.13232421875, 0.1319580078125, 0.1317138671875, 0.1314697265625, 0.1312255859375, 0.131103515625, 0.1309814453125, 0.1309814453125, 0.130859375, 0.130859375]}}