{"0": {"t": [0.0, 1.0, 1.1052098515052333, 1.2214888158642199, 1.3500014727965977, 1.492034927281374, 1.6490117004212688, 1.8225039765529827, 2.014249349293819, 2.2261682242275347, 2.4603830525241825, 2.7192395881262446, 3.0053303814001584, 3.3215207445514348, 3.670977448857243, 4.057200441130575, 4.484057897068889, 4.955824962560375, 5.4772265709572805, 6.053484765148214, 6.6903709983786515, 7.394263937632988, 8.172213348501856, 9.03201070136682, 9.982267206051302, 11.03250005648552, 12.19322774915984, 13.476075430018433, 14.893891324883999, 16.46087541951013, 18.19272167804293, 20.10677522426587, 22.222206059859978, 24.56020105953655, 27.144176165949066, 30.00001090960045, 33.156307602554904, 36.64467780188153, 40.50005891187461, 44.761064095946146, 49.470369002696856, 60.42750245347018, 66.78507101343192, 73.81151841752157, 81.57721730960478, 90.15994422895847, 99.64565857300727, 110.12936351461455, 121.71605749635297, 134.52178583134682, 148.67480294288157, 164.3168568830719, 181.6046089955465, 200.71120294063405, 221.82799879745482, 245.16648961063805, 270.9604195766328, 299.46812508408595, 330.97512205473316, 365.7969654980384, 404.2824099191518, 446.8169022329235, 493.82644216687754, 545.7818488166129, 603.2034760848602, 666.6664242311887, 736.8062997280774, 814.3255811105886, 900.0006545761462, 994.6895897987149, 1099.34073383524, 1215.0022091956994, 1342.832411203709, 1484.1116097828665, 1640.254771865314, 1812.8257328440136, 2003.5528590013994, 2214.3463577798216, 2447.31740926299, 2704.7993104777206, 2989.3708442845414, 3303.882106905791, 3651.483052764145, 4035.6550425193395, 4460.245710269144, 4929.507499123413, 5448.140251100125, 6021.338277898052, 6654.842383978481, 7354.997362987588, 8128.8155433689, 8984.047019600172, 9929.257272448336, 10973.912955639891, 12128.476708134116, 13404.511941581583, 14814.798652455504, 16373.461418760273, 18096.11086325474, 20000.000000000004], "a": [0.0013494491577148438, 0.0014057159423828125, 0.001461029052734375, 0.0015211105346679688, 0.0015926361083984375, 0.00167083740234375, 0.00176239013671875, 0.0018711090087890625, 0.0019989013671875, 0.0021419525146484375, 0.0023288726806640625, 0.002544403076171875, 0.0028171539306640625, 0.003147125244140625, 0.0035400390625, 0.004016876220703125, 0.00457763671875, 0.005260467529296875, 0.006061553955078125, 0.00698089599609375, 0.0080108642578125, 0.0091094970703125, 0.01023101806640625, 0.01131439208984375, 0.01229095458984375, 0.0131378173828125, 0.01380157470703125, 0.01425933837890625, 0.01453399658203125, 0.0146484375, 0.01461029052734375, 0.01444244384765625, 0.01418304443359375, 0.01386260986328125, 0.01348876953125, 0.01311492919921875, 0.01275634765625, 0.01245880126953125, 0.01220703125, 0.01202392578125, 0.011932373046875, 0.0120086669921875, 0.01216888427734375, 0.0124053955078125, 0.01268768310546875, 0.01303863525390625, 0.0134124755859375, 0.01380157470703125, 0.01418304443359375, 0.01451873779296875, 0.014801025390625, 0.01500701904296875, 0.01519775390625, 0.01526641845703125, 0.01531219482421875, 0.01535797119140625, 0.01529693603515625, 0.01528167724609375, 0.01520538330078125, 0.01513671875, 0.01508331298828125, 0.01502227783203125, 0.01495361328125, 0.01490020751953125, 0.01483154296875, 0.0147705078125, 0.01473236083984375, 0.01470947265625, 0.014678955078125, 0.01464080810546875, 0.01459503173828125, 0.014556884765625, 0.01450347900390625, 0.01446533203125, 0.0143890380859375, 0.01432037353515625, 0.0142974853515625, 0.01427459716796875, 0.0142364501953125, 0.01418304443359375, 0.01412200927734375, 0.014068603515625, 0.01399993896484375, 0.01393890380859375, 0.013885498046875, 0.01381683349609375, 0.0137939453125, 0.01372528076171875, 0.01364898681640625, 0.0135955810546875, 0.0135040283203125, 0.01343536376953125, 0.0133209228515625, 0.01323699951171875, 0.0131683349609375, 0.0131072998046875, 0.0130157470703125, 0.01297760009765625, 0.0129241943359375, 0.01290130615234375]}}