{"0": {"t": [0.0, 1.0, 1.1052098515052333, 1.2214888158642199, 1.3500014727965977, 1.492034927281374, 1.6490117004212688, 1.8225039765529827, 2.014249349293819, 2.2261682242275347, 2.4603830525241825, 2.7192395881262446, 3.0053303814001584, 3.3215207445514348, 3.670977448857243, 4.057200441130575, 4.484057897068889, 4.955824962560375, 5.4772265709572805, 6.053484765148214, 6.6903709983786515, 7.394263937632988, 8.172213348501856, 9.03201070136682, 9.982267206051302, 11.03250005648552, 12.19322774915984, 13.476075430018433, 14.893891324883999, 16.46087541951013, 20.10677522426587], "a": [0.2410888671875, 0.2413330078125, 0.241943359375, 0.2432861328125, 0.2452392578125, 0.24755859375, 0.250732421875, 0.25439453125, 0.258544921875, 0.263427734375, 0.268798828125, 0.2744140625, 0.280517578125, 0.286865234375, 0.29296875, 0.298828125, 0.3046875, 0.309814453125, 0.314453125, 0.318603515625, 0.322021484375, 0.324951171875, 0.326904296875, 0.32861328125, 0.329833984375, 0.330810546875, 0.331298828125, 0.331787109375, 0.33203125, 0.332275390625, 0.33251953125]}}