{"0": {"t": [0.0, 1.1052098515052333, 1.2214888158642199, 1.3500014727965977, 1.6490117004212688, 1.8225039765529827, 2.014249349293819, 2.2261682242275347, 2.4603830525241825, 2.7192395881262446, 3.0053303814001584, 3.3215207445514348, 3.670977448857243, 4.057200441130575, 4.484057897068889, 4.955824962560375, 5.4772265709572805, 6.053484765148214, 6.6903709983786515, 7.394263937632988, 8.172213348501856, 9.03201070136682, 9.982267206051302, 11.03250005648552, 12.19322774915984, 13.476075430018433, 14.893891324883999, 16.46087541951013, 18.19272167804293, 20.10677522426587, 22.222206059859978, 24.56020105953655, 27.144176165949066, 30.00001090960045, 33.156307602554904, 36.64467780188153, 40.50005891187461, 44.761064095946146, 49.470369002696856, 54.6751391793797, 60.42750245347018, 66.78507101343192, 73.81151841752157, 81.57721730960478, 90.15994422895847, 99.64565857300727, 110.12936351461455, 121.71605749635297, 134.52178583134682, 148.67480294288157, 164.3168568830719, 181.6046089955465, 200.71120294063405, 221.82799879745482, 270.9604195766328, 299.46812508408595, 330.97512205473316, 365.7969654980384, 404.2824099191518, 446.8169022329235, 493.82644216687754, 545.7818488166129, 603.2034760848602, 666.6664242311887, 736.8062997280774, 814.3255811105886, 900.0006545761462, 994.6895897987149, 1099.34073383524, 1215.0022091956994, 1342.832411203709, 1484.1116097828665, 1640.254771865314, 1812.8257328440136, 2003.5528590013994, 2214.3463577798216, 2447.31740926299, 2704.7993104777206, 2989.3708442845414, 3303.882106905791, 3651.483052764145, 4035.6550425193395, 4460.245710269144, 6654.842383978481], "a": [0.0009241104125976562, 0.00092315673828125, 0.0009226799011230469, 0.0009217262268066406, 0.0009207725524902344, 0.0009198188781738281, 0.000919342041015625, 0.0009174346923828125, 0.0009164810180664062, 0.00091552734375, 0.0009150505065917969, 0.0009131431579589844, 0.000911712646484375, 0.0009098052978515625, 0.0009083747863769531, 0.0009064674377441406, 0.0009050369262695312, 0.0009026527404785156, 0.0009002685546875, 0.0008983612060546875, 0.0008950233459472656, 0.00089263916015625, 0.000888824462890625, 0.0008859634399414062, 0.0008816719055175781, 0.0008778572082519531, 0.000873565673828125, 0.0008678436279296875, 0.0008625984191894531, 0.0008578300476074219, 0.0008511543273925781, 0.0008444786071777344, 0.0008373260498046875, 0.0008296966552734375, 0.0008215904235839844, 0.0008134841918945312, 0.0008053779602050781, 0.0007963180541992188, 0.0007872581481933594, 0.0007786750793457031, 0.00077056884765625, 0.0007619857788085938, 0.0007543563842773438, 0.0007467269897460938, 0.00074005126953125, 0.0007338523864746094, 0.0007276535034179688, 0.0007228851318359375, 0.0007185935974121094, 0.0007147789001464844, 0.0007123947143554688, 0.00070953369140625, 0.0007085800170898438, 0.0007076263427734375, 0.0007081031799316406, 0.0007090568542480469, 0.0007114410400390625, 0.000713348388671875, 0.0007157325744628906, 0.0007190704345703125, 0.0007224082946777344, 0.0007262229919433594, 0.0007305145263671875, 0.0007348060607910156, 0.0007390975952148438, 0.000743865966796875, 0.0007491111755371094, 0.0007534027099609375, 0.0007586479187011719, 0.0007634162902832031, 0.0007672309875488281, 0.0007715225219726562, 0.0007753372192382812, 0.0007786750793457031, 0.000782012939453125, 0.0007843971252441406, 0.0007867813110351562, 0.0007882118225097656, 0.0007901191711425781, 0.0007905960083007812, 0.0007915496826171875, 0.0007925033569335938, 0.0007929801940917969, 0.00079345703125]}}