{"0": {"t": [0.0, 1.0, 1.1052098515052333, 1.2214888158642199, 1.3500014727965977, 1.492034927281374, 1.6490117004212688, 1.8225039765529827, 2.014249349293819, 2.2261682242275347, 2.4603830525241825, 2.7192395881262446, 3.0053303814001584, 3.3215207445514348, 3.670977448857243, 4.057200441130575, 4.484057897068889, 4.955824962560375, 5.4772265709572805, 6.053484765148214, 6.6903709983786515, 7.394263937632988, 8.172213348501856, 9.03201070136682, 9.982267206051302, 11.03250005648552, 12.19322774915984, 13.476075430018433, 14.893891324883999, 18.19272167804293], "a": [1.0, 0.98291015625, 0.9677734375, 0.955078125, 0.9453125, 0.9375, 0.92919921875, 0.92236328125, 0.91650390625, 0.91357421875, 0.9140625, 0.9150390625, 0.92236328125, 0.93017578125, 0.9375, 0.9453125, 0.95263671875, 0.95947265625, 0.966796875, 0.97265625, 0.97802734375, 0.98291015625, 0.9873046875, 0.990234375, 0.9931640625, 0.9951171875, 0.9970703125, 0.998046875, 0.9990234375, 1.0]}}