{"0": {"t": [0.0, 1.0, 1.1052098515052333, 1.2214888158642199, 1.3500014727965977, 1.492034927281374, 1.6490117004212688, 1.8225039765529827, 2.014249349293819, 2.2261682242275347, 2.4603830525241825, 2.7192395881262446, 3.0053303814001584, 3.3215207445514348, 3.670977448857243, 4.057200441130575, 4.484057897068889, 5.4772265709572805, 6.053484765148214, 6.6903709983786515, 7.394263937632988, 8.172213348501856, 9.03201070136682, 9.982267206051302, 11.03250005648552, 12.19322774915984, 13.476075430018433, 14.893891324883999, 16.46087541951013, 18.19272167804293, 20.10677522426587, 22.222206059859978, 24.56020105953655, 27.144176165949066, 30.00001090960045, 33.156307602554904, 36.64467780188153, 40.50005891187461, 44.761064095946146, 49.470369002696856, 54.6751391793797, 60.42750245347018, 66.78507101343192, 73.81151841752157, 81.57721730960478, 90.15994422895847, 99.64565857300727, 110.12936351461455, 148.67480294288157, 164.3168568830719, 181.6046089955465, 200.71120294063405, 245.16648961063805, 270.9604195766328, 299.46812508408595, 330.97512205473316, 365.7969654980384, 404.2824099191518, 446.8169022329235, 493.82644216687754, 545.7818488166129, 603.2034760848602, 666.6664242311887, 736.8062997280774, 814.3255811105886, 900.0006545761462, 994.6895897987149, 1099.34073383524, 1215.0022091956994, 1342.832411203709, 1484.1116097828665, 1812.8257328440136, 2003.5528590013994, 2214.3463577798216, 2447.31740926299, 2704.7993104777206, 2989.3708442845414, 3303.882106905791, 3651.483052764145, 4035.6550425193395, 4460.245710269144, 4929.507499123413, 5448.140251100125, 6021.338277898052, 6654.842383978481, 7354.997362987588, 8128.8155433689, 8984.047019600172, 9929.257272448336, 10973.912955639891, 12128.476708134116, 13404.511941581583, 14814.798652455504, 16373.461418760273, 20000.000000000004], "a": [0.1387939453125, 0.137451171875, 0.1358642578125, 0.1337890625, 0.13134765625, 0.129150390625, 0.126953125, 0.1243896484375, 0.12188720703125, 0.1195068359375, 0.1173095703125, 0.11553955078125, 0.11358642578125, 0.112060546875, 0.11090087890625, 0.1099853515625, 0.1094970703125, 0.1099853515625, 0.11090087890625, 0.1123046875, 0.11407470703125, 0.11614990234375, 0.11865234375, 0.1214599609375, 0.1240234375, 0.12646484375, 0.128662109375, 0.1304931640625, 0.1322021484375, 0.1336669921875, 0.134765625, 0.1353759765625, 0.135986328125, 0.1363525390625, 0.13623046875, 0.135986328125, 0.1358642578125, 0.135498046875, 0.1351318359375, 0.134765625, 0.1343994140625, 0.134033203125, 0.1336669921875, 0.13330078125, 0.1328125, 0.13232421875, 0.1322021484375, 0.1324462890625, 0.13232421875, 0.132080078125, 0.1319580078125, 0.1318359375, 0.132080078125, 0.1322021484375, 0.13232421875, 0.132568359375, 0.1329345703125, 0.133544921875, 0.134033203125, 0.1343994140625, 0.134765625, 0.13525390625, 0.1357421875, 0.135986328125, 0.13623046875, 0.1363525390625, 0.13671875, 0.13720703125, 0.1378173828125, 0.1383056640625, 0.1385498046875, 0.138427734375, 0.1380615234375, 0.137451171875, 0.1365966796875, 0.1357421875, 0.1351318359375, 0.1346435546875, 0.13427734375, 0.1339111328125, 0.1336669921875, 0.1336669921875, 0.1339111328125, 0.1343994140625, 0.135009765625, 0.13525390625, 0.1356201171875, 0.1358642578125, 0.13623046875, 0.1365966796875, 0.1368408203125, 0.1370849609375, 0.137451171875, 0.1375732421875, 0.1376953125]}}