{"0": {"t": [0.0, 1.0, 1.1052098515052333, 1.2214888158642199, 1.3500014727965977, 1.492034927281374, 1.6490117004212688, 1.8225039765529827, 2.014249349293819, 2.2261682242275347, 2.4603830525241825, 2.7192395881262446, 3.0053303814001584, 3.3215207445514348, 3.670977448857243, 4.057200441130575, 4.484057897068889, 4.955824962560375, 5.4772265709572805, 6.053484765148214, 6.6903709983786515, 7.394263937632988, 8.172213348501856, 9.03201070136682, 9.982267206051302, 11.03250005648552, 12.19322774915984, 13.476075430018433, 14.893891324883999, 16.46087541951013, 18.19272167804293, 20.10677522426587, 22.222206059859978, 24.56020105953655, 27.144176165949066, 30.00001090960045, 33.156307602554904, 36.64467780188153, 40.50005891187461, 44.761064095946146, 49.470369002696856, 54.6751391793797, 60.42750245347018, 66.78507101343192, 73.81151841752157, 81.57721730960478, 90.15994422895847, 99.64565857300727, 110.12936351461455, 121.71605749635297, 134.52178583134682, 148.67480294288157, 164.3168568830719, 181.6046089955465, 200.71120294063405, 221.82799879745482, 245.16648961063805, 270.9604195766328, 299.46812508408595, 330.97512205473316, 365.7969654980384, 404.2824099191518, 446.8169022329235, 493.82644216687754, 545.7818488166129, 603.2034760848602, 666.6664242311887, 736.8062997280774, 814.3255811105886, 900.0006545761462, 994.6895897987149, 1099.34073383524, 1215.0022091956994, 1342.832411203709, 1484.1116097828665, 1640.254771865314, 1812.8257328440136, 2003.5528590013994, 2214.3463577798216, 2447.31740926299, 2704.7993104777206, 2989.3708442845414, 3303.882106905791, 3651.483052764145, 4035.6550425193395, 4460.245710269144, 4929.507499123413, 6021.338277898052, 6654.842383978481, 7354.997362987588, 8128.8155433689, 8984.047019600172, 9929.257272448336, 10973.912955639891, 12128.476708134116, 13404.511941581583, 14814.798652455504, 16373.461418760273, 18096.11086325474, 20000.000000000004], "a": [0.005542755126953125, 0.006343841552734375, 0.00679779052734375, 0.00757598876953125, 0.0084381103515625, 0.00945281982421875, 0.01032257080078125, 0.0113525390625, 0.01226043701171875, 0.01322174072265625, 0.01416015625, 0.014923095703125, 0.015716552734375, 0.016265869140625, 0.0168914794921875, 0.0177154541015625, 0.018218994140625, 0.018310546875, 0.0183868408203125, 0.0184783935546875, 0.0190277099609375, 0.019805908203125, 0.020599365234375, 0.0216522216796875, 0.0225067138671875, 0.022705078125, 0.0226593017578125, 0.0226287841796875, 0.02276611328125, 0.0224761962890625, 0.022216796875, 0.0214385986328125, 0.021026611328125, 0.0211639404296875, 0.02093505859375, 0.0202484130859375, 0.0194854736328125, 0.0188751220703125, 0.0181732177734375, 0.0176544189453125, 0.01751708984375, 0.0176239013671875, 0.01800537109375, 0.018341064453125, 0.018707275390625, 0.0190887451171875, 0.0196533203125, 0.020355224609375, 0.0212249755859375, 0.0220184326171875, 0.0232086181640625, 0.0240936279296875, 0.0253143310546875, 0.02655029296875, 0.027801513671875, 0.0294342041015625, 0.0306549072265625, 0.031982421875, 0.0335693359375, 0.03436279296875, 0.035888671875, 0.036834716796875, 0.0382080078125, 0.039520263671875, 0.040679931640625, 0.042266845703125, 0.043548583984375, 0.044281005859375, 0.0455322265625, 0.04693603515625, 0.047821044921875, 0.049560546875, 0.0506591796875, 0.05206298828125, 0.0533447265625, 0.0545654296875, 0.05474853515625, 0.05633544921875, 0.057037353515625, 0.057708740234375, 0.05908203125, 0.059814453125, 0.061309814453125, 0.0623779296875, 0.06268310546875, 0.0634765625, 0.0645751953125, 0.0648193359375, 0.06561279296875, 0.065185546875, 0.06561279296875, 0.06549072265625, 0.065185546875, 0.06597900390625, 0.066650390625, 0.06689453125, 0.0662841796875, 0.06610107421875, 0.06695556640625, 0.0665283203125]}}