{"0": {"t": [0.0, 1.0, 1.1052098515052333, 1.2214888158642199, 1.3500014727965977, 1.492034927281374, 1.6490117004212688, 1.8225039765529827, 2.014249349293819, 2.2261682242275347, 2.4603830525241825, 2.7192395881262446, 3.0053303814001584, 3.3215207445514348, 3.670977448857243, 4.057200441130575, 4.484057897068889, 4.955824962560375, 5.4772265709572805, 6.053484765148214, 6.6903709983786515, 7.394263937632988, 8.172213348501856, 9.03201070136682, 9.982267206051302, 11.03250005648552, 12.19322774915984, 13.476075430018433, 14.893891324883999, 16.46087541951013, 18.19272167804293, 20.10677522426587, 22.222206059859978, 24.56020105953655, 27.144176165949066, 30.00001090960045, 33.156307602554904, 36.64467780188153, 40.50005891187461, 44.761064095946146, 49.470369002696856, 54.6751391793797, 60.42750245347018, 66.78507101343192, 73.81151841752157, 81.57721730960478, 90.15994422895847, 99.64565857300727, 110.12936351461455, 121.71605749635297, 134.52178583134682, 148.67480294288157, 164.3168568830719, 181.6046089955465, 200.71120294063405, 221.82799879745482, 245.16648961063805, 270.9604195766328, 299.46812508408595, 330.97512205473316, 365.7969654980384, 404.2824099191518, 446.8169022329235, 493.82644216687754, 545.7818488166129, 603.2034760848602, 666.6664242311887, 736.8062997280774, 814.3255811105886, 994.6895897987149, 1099.34073383524, 1215.0022091956994, 1342.832411203709, 1484.1116097828665, 1640.254771865314, 1812.8257328440136, 2003.5528590013994, 2214.3463577798216, 2447.31740926299, 2704.7993104777206, 2989.3708442845414, 3303.882106905791, 3651.483052764145, 4035.6550425193395, 4460.245710269144, 4929.507499123413, 5448.140251100125, 6021.338277898052, 6654.842383978481, 7354.997362987588, 8128.8155433689, 8984.047019600172, 9929.257272448336, 12128.476708134116, 13404.511941581583, 14814.798652455504, 16373.461418760273, 18096.11086325474], "a": [0.002777099609375, 0.0028858184814453125, 0.003200531005859375, 0.0033931732177734375, 0.0035839080810546875, 0.0038909912109375, 0.004207611083984375, 0.004405975341796875, 0.004764556884765625, 0.005062103271484375, 0.00536346435546875, 0.005809783935546875, 0.00638580322265625, 0.0070343017578125, 0.007781982421875, 0.00855255126953125, 0.0094757080078125, 0.01035308837890625, 0.0113983154296875, 0.0126953125, 0.01410675048828125, 0.0157012939453125, 0.0173492431640625, 0.0193023681640625, 0.0215301513671875, 0.0235443115234375, 0.025543212890625, 0.0274505615234375, 0.0288848876953125, 0.03033447265625, 0.0313720703125, 0.03216552734375, 0.03277587890625, 0.03289794921875, 0.033050537109375, 0.0328369140625, 0.03265380859375, 0.032135009765625, 0.031585693359375, 0.0311279296875, 0.03076171875, 0.03021240234375, 0.02935791015625, 0.0284881591796875, 0.027496337890625, 0.0263519287109375, 0.02508544921875, 0.02435302734375, 0.0240020751953125, 0.0238494873046875, 0.0236663818359375, 0.0237579345703125, 0.0237884521484375, 0.0237579345703125, 0.0238800048828125, 0.02398681640625, 0.0241851806640625, 0.0244140625, 0.02459716796875, 0.0248870849609375, 0.025177001953125, 0.0253753662109375, 0.0256195068359375, 0.0257720947265625, 0.02606201171875, 0.0263214111328125, 0.026336669921875, 0.0267181396484375, 0.0269317626953125, 0.027191162109375, 0.027252197265625, 0.02740478515625, 0.0274658203125, 0.02777099609375, 0.027923583984375, 0.0279541015625, 0.028076171875, 0.028350830078125, 0.028472900390625, 0.0285186767578125, 0.0287322998046875, 0.02880859375, 0.028900146484375, 0.0288543701171875, 0.0288238525390625, 0.0288848876953125, 0.0290374755859375, 0.0290985107421875, 0.0291748046875, 0.0291900634765625, 0.0292816162109375, 0.0291900634765625, 0.0292510986328125, 0.029144287109375, 0.0291900634765625, 0.0292510986328125, 0.029296875, 0.02935791015625]}}