{"0": {"t": [0.0, 1.0, 1.2214888158642199, 1.3500014727965977, 1.492034927281374, 1.6490117004212688, 1.8225039765529827, 2.014249349293819, 2.2261682242275347, 2.4603830525241825, 2.7192395881262446, 3.0053303814001584, 3.3215207445514348, 3.670977448857243, 4.057200441130575, 4.484057897068889, 4.955824962560375, 5.4772265709572805, 6.053484765148214, 7.394263937632988, 8.172213348501856], "a": [0.9921875, 1.0, 0.9990234375, 0.9853515625, 0.97607421875, 0.970703125, 0.9677734375, 0.966796875, 0.9677734375, 0.970703125, 0.97412109375, 0.97802734375, 0.98193359375, 0.9853515625, 0.9892578125, 0.9921875, 0.994140625, 0.99609375, 0.998046875, 0.9990234375, 1.0]}}