{"0": {"t": [0.0, 1.0, 1.1052098515052333, 1.2214888158642199, 1.3500014727965977, 1.492034927281374, 1.6490117004212688, 1.8225039765529827, 2.014249349293819, 2.2261682242275347, 2.4603830525241825, 2.7192395881262446, 3.0053303814001584, 3.3215207445514348, 3.670977448857243, 4.057200441130575, 4.484057897068889, 4.955824962560375, 5.4772265709572805, 6.053484765148214, 6.6903709983786515, 7.394263937632988, 8.172213348501856, 9.03201070136682, 9.982267206051302, 11.03250005648552, 12.19322774915984, 13.476075430018433, 14.893891324883999, 16.46087541951013, 18.19272167804293, 20.10677522426587, 22.222206059859978, 24.56020105953655, 27.144176165949066, 30.00001090960045, 33.156307602554904, 36.64467780188153, 40.50005891187461, 44.761064095946146, 49.470369002696856, 54.6751391793797, 60.42750245347018, 66.78507101343192, 73.81151841752157, 81.57721730960478, 90.15994422895847, 99.64565857300727, 110.12936351461455, 121.71605749635297, 134.52178583134682, 148.67480294288157, 164.3168568830719, 181.6046089955465, 200.71120294063405, 221.82799879745482, 245.16648961063805, 270.9604195766328, 299.46812508408595, 330.97512205473316, 365.7969654980384, 404.2824099191518, 446.8169022329235, 493.82644216687754, 545.7818488166129, 603.2034760848602, 666.6664242311887, 736.8062997280774, 814.3255811105886, 900.0006545761462, 994.6895897987149, 1099.34073383524, 1215.0022091956994, 1342.832411203709, 1484.1116097828665, 1640.254771865314, 1812.8257328440136], "a": [0.36328125, 0.385498046875, 0.40576171875, 0.4228515625, 0.434326171875, 0.441650390625, 0.4462890625, 0.44287109375, 0.43603515625, 0.427001953125, 0.414794921875, 0.401611328125, 0.386962890625, 0.3720703125, 0.359130859375, 0.3486328125, 0.34130859375, 0.3359375, 0.331787109375, 0.328857421875, 0.32958984375, 0.335205078125, 0.3427734375, 0.3486328125, 0.3515625, 0.351318359375, 0.3544921875, 0.35986328125, 0.368408203125, 0.37890625, 0.393310546875, 0.404541015625, 0.419921875, 0.435302734375, 0.449462890625, 0.464599609375, 0.47900390625, 0.494140625, 0.509765625, 0.5234375, 0.54052734375, 0.55419921875, 0.56787109375, 0.583984375, 0.60009765625, 0.61669921875, 0.63232421875, 0.6484375, 0.6640625, 0.68017578125, 0.6982421875, 0.71630859375, 0.73388671875, 0.75146484375, 0.76806640625, 0.78466796875, 0.802734375, 0.8193359375, 0.83642578125, 0.85546875, 0.87158203125, 0.888671875, 0.900390625, 0.91259765625, 0.931640625, 0.94384765625, 0.95703125, 0.958984375, 0.97412109375, 0.98193359375, 0.9873046875, 0.98828125, 0.998046875, 0.9951171875, 1.0, 0.998046875, 1.0]}}