{"0": {"t": [0.0, 1.0, 1.1052098515052333, 1.2214888158642199, 1.3500014727965977, 1.492034927281374, 1.6490117004212688, 1.8225039765529827, 2.014249349293819, 2.2261682242275347, 2.4603830525241825, 2.7192395881262446, 3.0053303814001584, 3.3215207445514348, 3.670977448857243, 4.057200441130575, 4.484057897068889, 4.955824962560375, 5.4772265709572805, 6.053484765148214, 6.6903709983786515, 7.394263937632988, 8.172213348501856, 9.03201070136682, 9.982267206051302, 11.03250005648552, 12.19322774915984, 13.476075430018433, 14.893891324883999, 16.46087541951013, 18.19272167804293, 20.10677522426587, 22.222206059859978, 24.56020105953655, 27.144176165949066, 30.00001090960045, 33.156307602554904, 36.64467780188153, 40.50005891187461, 44.761064095946146, 49.470369002696856, 54.6751391793797, 60.42750245347018, 66.78507101343192, 73.81151841752157, 81.57721730960478, 90.15994422895847, 99.64565857300727, 110.12936351461455, 121.71605749635297, 134.52178583134682, 148.67480294288157, 164.3168568830719, 181.6046089955465, 200.71120294063405, 221.82799879745482, 245.16648961063805, 270.9604195766328, 299.46812508408595, 330.97512205473316, 365.7969654980384, 404.2824099191518, 446.8169022329235, 493.82644216687754, 545.7818488166129, 603.2034760848602, 666.6664242311887, 736.8062997280774, 814.3255811105886, 900.0006545761462, 994.6895897987149, 1099.34073383524, 1215.0022091956994, 1342.832411203709, 1484.1116097828665, 1640.254771865314, 1812.8257328440136, 2003.5528590013994, 2214.3463577798216, 2447.31740926299, 2704.7993104777206, 2989.3708442845414, 3303.882106905791, 3651.483052764145, 4035.6550425193395, 4460.245710269144, 4929.507499123413, 5448.140251100125, 6021.338277898052, 6654.842383978481, 7354.997362987588, 8984.047019600172, 10973.912955639891, 12128.476708134116, 13404.511941581583, 14814.798652455504, 16373.461418760273, 18096.11086325474, 20000.000000000004], "a": [0.06793212890625, 0.07769775390625, 0.08636474609375, 0.0928955078125, 0.09600830078125, 0.095947265625, 0.09344482421875, 0.08935546875, 0.08416748046875, 0.07891845703125, 0.07550048828125, 0.07269287109375, 0.0706787109375, 0.06915283203125, 0.0687255859375, 0.0697021484375, 0.07196044921875, 0.07550048828125, 0.0809326171875, 0.0875244140625, 0.093505859375, 0.0987548828125, 0.10205078125, 0.10223388671875, 0.09954833984375, 0.0931396484375, 0.08721923828125, 0.07366943359375, 0.06524658203125, 0.0625, 0.0616455078125, 0.06207275390625, 0.06329345703125, 0.06524658203125, 0.068115234375, 0.07177734375, 0.076171875, 0.08123779296875, 0.08740234375, 0.0938720703125, 0.1007080078125, 0.1080322265625, 0.1156005859375, 0.1234130859375, 0.1309814453125, 0.138916015625, 0.1470947265625, 0.15478515625, 0.1629638671875, 0.1700439453125, 0.18017578125, 0.1866455078125, 0.193603515625, 0.2017822265625, 0.2108154296875, 0.219970703125, 0.2259521484375, 0.23486328125, 0.24267578125, 0.246826171875, 0.254150390625, 0.26318359375, 0.267822265625, 0.275634765625, 0.2802734375, 0.28466796875, 0.291015625, 0.294921875, 0.298095703125, 0.30419921875, 0.306884765625, 0.310546875, 0.31396484375, 0.320068359375, 0.322998046875, 0.326171875, 0.3271484375, 0.3310546875, 0.32861328125, 0.327880859375, 0.3310546875, 0.3369140625, 0.337890625, 0.336669921875, 0.3330078125, 0.335205078125, 0.33740234375, 0.33642578125, 0.335693359375, 0.333740234375, 0.334716796875, 0.331787109375, 0.330810546875, 0.332275390625, 0.332763671875, 0.333251953125, 0.332275390625, 0.32861328125, 0.325927734375]}}