{"0": {"t": [0.0, 1.0, 1.1052098515052333, 1.2214888158642199, 1.3500014727965977, 1.492034927281374, 1.6490117004212688, 1.8225039765529827, 2.014249349293819, 2.2261682242275347, 2.4603830525241825, 2.7192395881262446, 3.0053303814001584, 3.3215207445514348, 3.670977448857243, 4.057200441130575, 4.484057897068889, 4.955824962560375, 5.4772265709572805, 6.053484765148214, 6.6903709983786515, 7.394263937632988, 8.172213348501856, 9.03201070136682, 9.982267206051302, 11.03250005648552, 12.19322774915984, 13.476075430018433, 14.893891324883999, 16.46087541951013, 18.19272167804293, 20.10677522426587, 22.222206059859978, 24.56020105953655, 27.144176165949066, 30.00001090960045, 33.156307602554904, 36.64467780188153, 40.50005891187461, 44.761064095946146, 49.470369002696856, 54.6751391793797, 60.42750245347018, 66.78507101343192, 73.81151841752157, 81.57721730960478, 90.15994422895847, 99.64565857300727, 110.12936351461455, 121.71605749635297, 134.52178583134682, 148.67480294288157, 164.3168568830719, 181.6046089955465, 200.71120294063405, 221.82799879745482, 245.16648961063805, 270.9604195766328, 299.46812508408595, 330.97512205473316, 365.7969654980384, 404.2824099191518, 446.8169022329235, 493.82644216687754, 545.7818488166129, 603.2034760848602, 666.6664242311887, 736.8062997280774, 814.3255811105886, 900.0006545761462, 994.6895897987149, 1099.34073383524, 1215.0022091956994, 1342.832411203709, 1484.1116097828665, 1640.254771865314, 1812.8257328440136, 2003.5528590013994, 2214.3463577798216, 2447.31740926299, 2704.7993104777206, 2989.3708442845414, 3303.882106905791, 3651.483052764145, 4035.6550425193395, 4460.245710269144, 4929.507499123413, 5448.140251100125, 6021.338277898052, 6654.842383978481, 7354.997362987588, 8128.8155433689, 8984.047019600172, 9929.257272448336, 10973.912955639891, 12128.476708134116, 13404.511941581583, 14814.798652455504, 16373.461418760273, 20000.000000000004], "a": [0.1396484375, 0.1571044921875, 0.1700439453125, 0.177001953125, 0.1795654296875, 0.17724609375, 0.1732177734375, 0.1700439453125, 0.1669921875, 0.1644287109375, 0.1612548828125, 0.1590576171875, 0.1568603515625, 0.1563720703125, 0.1544189453125, 0.156494140625, 0.148681640625, 0.13671875, 0.1297607421875, 0.1273193359375, 0.127685546875, 0.1298828125, 0.1334228515625, 0.1378173828125, 0.1434326171875, 0.1494140625, 0.1575927734375, 0.165283203125, 0.17529296875, 0.1861572265625, 0.197021484375, 0.20947265625, 0.22216796875, 0.23681640625, 0.248779296875, 0.26220703125, 0.27734375, 0.289794921875, 0.303955078125, 0.317138671875, 0.331298828125, 0.345458984375, 0.355712890625, 0.372802734375, 0.385009765625, 0.398681640625, 0.41259765625, 0.42626953125, 0.441650390625, 0.453857421875, 0.464111328125, 0.476806640625, 0.4951171875, 0.50634765625, 0.52392578125, 0.53564453125, 0.5458984375, 0.55908203125, 0.572265625, 0.5830078125, 0.5986328125, 0.609375, 0.623046875, 0.63720703125, 0.650390625, 0.66455078125, 0.6767578125, 0.68994140625, 0.69921875, 0.71044921875, 0.72216796875, 0.73681640625, 0.751953125, 0.7646484375, 0.78173828125, 0.79296875, 0.80322265625, 0.8134765625, 0.822265625, 0.83251953125, 0.84619140625, 0.86279296875, 0.87451171875, 0.88671875, 0.896484375, 0.9091796875, 0.9150390625, 0.9248046875, 0.93408203125, 0.94384765625, 0.95166015625, 0.95947265625, 0.96142578125, 0.97412109375, 0.98193359375, 0.986328125, 0.99609375, 0.994140625, 0.9990234375, 1.0]}}