{"0": {"t": [0.0, 1.0, 1.1052098515052333, 1.2214888158642199, 1.3500014727965977, 1.492034927281374, 1.6490117004212688, 1.8225039765529827, 2.014249349293819, 2.2261682242275347, 2.4603830525241825, 2.7192395881262446, 3.0053303814001584, 3.3215207445514348, 3.670977448857243, 4.057200441130575, 4.484057897068889, 4.955824962560375, 5.4772265709572805, 6.053484765148214, 6.6903709983786515, 7.394263937632988, 8.172213348501856, 9.03201070136682, 9.982267206051302, 11.03250005648552, 12.19322774915984, 13.476075430018433, 14.893891324883999, 16.46087541951013, 18.19272167804293, 20.10677522426587, 22.222206059859978, 24.56020105953655, 27.144176165949066, 30.00001090960045, 33.156307602554904, 36.64467780188153, 40.50005891187461, 44.761064095946146, 49.470369002696856, 54.6751391793797, 60.42750245347018, 73.81151841752157, 81.57721730960478, 90.15994422895847, 99.64565857300727, 110.12936351461455, 121.71605749635297, 134.52178583134682, 148.67480294288157, 164.3168568830719, 181.6046089955465, 200.71120294063405, 221.82799879745482, 245.16648961063805, 270.9604195766328, 299.46812508408595, 330.97512205473316, 365.7969654980384, 404.2824099191518, 446.8169022329235, 493.82644216687754, 545.7818488166129, 603.2034760848602, 666.6664242311887, 736.8062997280774, 814.3255811105886, 900.0006545761462, 994.6895897987149, 1099.34073383524, 1215.0022091956994, 1342.832411203709, 1484.1116097828665, 1640.254771865314, 1812.8257328440136, 2003.5528590013994, 2214.3463577798216, 2447.31740926299, 2704.7993104777206, 2989.3708442845414, 3303.882106905791, 3651.483052764145, 4035.6550425193395, 4460.245710269144, 4929.507499123413, 5448.140251100125, 6021.338277898052, 6654.842383978481, 7354.997362987588, 8128.8155433689, 8984.047019600172, 9929.257272448336, 10973.912955639891, 13404.511941581583, 14814.798652455504, 16373.461418760273, 18096.11086325474, 20000.000000000004], "a": [0.0016851425170898438, 0.0025157928466796875, 0.0030117034912109375, 0.00366973876953125, 0.004360198974609375, 0.0052490234375, 0.006450653076171875, 0.0080718994140625, 0.01016998291015625, 0.01262664794921875, 0.0150909423828125, 0.017120361328125, 0.0183563232421875, 0.0189971923828125, 0.01947021484375, 0.019378662109375, 0.0196075439453125, 0.0189971923828125, 0.019256591796875, 0.01953125, 0.0186309814453125, 0.01837158203125, 0.01849365234375, 0.0185394287109375, 0.0185546875, 0.01873779296875, 0.0187225341796875, 0.0183868408203125, 0.0180511474609375, 0.01806640625, 0.018157958984375, 0.0186004638671875, 0.0190277099609375, 0.0193328857421875, 0.020263671875, 0.02020263671875, 0.019195556640625, 0.0179443359375, 0.017059326171875, 0.016510009765625, 0.0160064697265625, 0.015533447265625, 0.01503753662109375, 0.01476287841796875, 0.0147857666015625, 0.015106201171875, 0.0157623291015625, 0.0165863037109375, 0.0175323486328125, 0.0186767578125, 0.0196380615234375, 0.0205078125, 0.0217132568359375, 0.0228118896484375, 0.0236358642578125, 0.024383544921875, 0.02545166015625, 0.0259246826171875, 0.026397705078125, 0.027008056640625, 0.027801513671875, 0.0281982421875, 0.028472900390625, 0.0290679931640625, 0.02935791015625, 0.0297393798828125, 0.0296630859375, 0.0304718017578125, 0.031005859375, 0.031280517578125, 0.031280517578125, 0.03192138671875, 0.0323486328125, 0.032135009765625, 0.0318603515625, 0.031768798828125, 0.032012939453125, 0.03192138671875, 0.031890869140625, 0.032135009765625, 0.032318115234375, 0.031982421875, 0.031890869140625, 0.032440185546875, 0.032470703125, 0.032684326171875, 0.03314208984375, 0.032958984375, 0.03289794921875, 0.033477783203125, 0.033966064453125, 0.034271240234375, 0.034515380859375, 0.034454345703125, 0.0343017578125, 0.0345458984375, 0.03521728515625, 0.034759521484375, 0.03436279296875]}}