{"0": {"t": [0.0, 1.0, 1.1052098515052333, 1.2214888158642199, 1.492034927281374, 1.6490117004212688, 1.8225039765529827, 2.014249349293819, 2.2261682242275347, 2.4603830525241825, 2.7192395881262446, 3.0053303814001584, 3.3215207445514348, 3.670977448857243, 4.057200441130575, 4.484057897068889, 4.955824962560375, 5.4772265709572805, 6.053484765148214, 6.6903709983786515, 8.172213348501856], "a": [0.97412109375, 0.94921875, 0.93408203125, 0.93359375, 0.94140625, 0.9482421875, 0.9541015625, 0.96044921875, 0.96533203125, 0.970703125, 0.97509765625, 0.97998046875, 0.98388671875, 0.9873046875, 0.990234375, 0.9931640625, 0.9951171875, 0.99609375, 0.998046875, 0.9990234375, 1.0]}}