{"0": {"t": [0.0, 1.0, 1.1052098515052333, 1.2214888158642199, 1.3500014727965977, 1.492034927281374, 1.6490117004212688, 1.8225039765529827, 2.014249349293819, 2.2261682242275347, 2.4603830525241825, 2.7192395881262446, 3.0053303814001584, 3.3215207445514348, 3.670977448857243, 4.057200441130575, 4.484057897068889, 4.955824962560375, 5.4772265709572805, 6.053484765148214, 6.6903709983786515, 7.394263937632988, 8.172213348501856, 9.03201070136682, 9.982267206051302, 11.03250005648552, 12.19322774915984, 13.476075430018433, 14.893891324883999, 16.46087541951013, 18.19272167804293, 20.10677522426587, 22.222206059859978, 24.56020105953655, 27.144176165949066, 30.00001090960045, 33.156307602554904, 36.64467780188153, 40.50005891187461, 44.761064095946146, 49.470369002696856, 54.6751391793797, 60.42750245347018, 66.78507101343192, 73.81151841752157, 81.57721730960478, 90.15994422895847, 99.64565857300727, 110.12936351461455, 121.71605749635297, 134.52178583134682, 148.67480294288157, 164.3168568830719, 181.6046089955465, 200.71120294063405, 221.82799879745482, 245.16648961063805, 270.9604195766328, 299.46812508408595, 330.97512205473316, 365.7969654980384, 404.2824099191518, 446.8169022329235, 493.82644216687754, 545.7818488166129, 603.2034760848602, 666.6664242311887, 736.8062997280774, 814.3255811105886, 900.0006545761462, 994.6895897987149, 1099.34073383524, 1215.0022091956994, 1342.832411203709, 1484.1116097828665, 1640.254771865314, 1812.8257328440136, 2003.5528590013994, 2214.3463577798216, 2447.31740926299, 2704.7993104777206, 2989.3708442845414, 3303.882106905791, 3651.483052764145, 4035.6550425193395, 4460.245710269144, 4929.507499123413, 5448.140251100125, 6021.338277898052, 6654.842383978481, 7354.997362987588, 8128.8155433689, 8984.047019600172, 9929.257272448336, 10973.912955639891, 12128.476708134116, 13404.511941581583, 14814.798652455504, 16373.461418760273, 18096.11086325474, 20000.000000000004], "a": [0.0007886886596679688, 0.00146484375, 0.0021514892578125, 0.0029087066650390625, 0.0039825439453125, 0.005680084228515625, 0.00783538818359375, 0.01081085205078125, 0.0150909423828125, 0.0201873779296875, 0.0264434814453125, 0.03302001953125, 0.039337158203125, 0.04437255859375, 0.04791259765625, 0.0499267578125, 0.05072021484375, 0.050201416015625, 0.04931640625, 0.04888916015625, 0.04803466796875, 0.047515869140625, 0.047088623046875, 0.046783447265625, 0.0467529296875, 0.046661376953125, 0.046112060546875, 0.045135498046875, 0.04412841796875, 0.0433349609375, 0.043121337890625, 0.04339599609375, 0.04443359375, 0.04583740234375, 0.047088623046875, 0.04766845703125, 0.0465087890625, 0.04644775390625, 0.045989990234375, 0.04681396484375, 0.047698974609375, 0.0479736328125, 0.04833984375, 0.04827880859375, 0.04888916015625, 0.0484619140625, 0.048004150390625, 0.04754638671875, 0.04638671875, 0.04486083984375, 0.043701171875, 0.04217529296875, 0.040374755859375, 0.037384033203125, 0.033843994140625, 0.03076171875, 0.0269317626953125, 0.023468017578125, 0.022125244140625, 0.021759033203125, 0.0216827392578125, 0.021636962890625, 0.02215576171875, 0.0225982666015625, 0.02252197265625, 0.0222320556640625, 0.022430419921875, 0.0225982666015625, 0.02294921875, 0.02325439453125, 0.02362060546875, 0.0235748291015625, 0.0244598388671875, 0.0249481201171875, 0.0249176025390625, 0.0248260498046875, 0.02508544921875, 0.0251312255859375, 0.025665283203125, 0.0259552001953125, 0.0260162353515625, 0.0264739990234375, 0.026123046875, 0.0263214111328125, 0.0261688232421875, 0.0264739990234375, 0.0263214111328125, 0.0268402099609375, 0.027069091796875, 0.02728271484375, 0.027374267578125, 0.0273284912109375, 0.027374267578125, 0.027191162109375, 0.0271148681640625, 0.0272369384765625, 0.0267486572265625, 0.0270538330078125, 0.0271148681640625, 0.02716064453125, 0.0271453857421875]}}