{"0": {"t": [0.0, 1.0, 1.1052098515052333, 1.2214888158642199, 1.3500014727965977, 1.492034927281374, 1.6490117004212688, 1.8225039765529827, 2.014249349293819, 2.2261682242275347, 2.4603830525241825, 2.7192395881262446], "a": [0.95361328125, 0.931640625, 0.92431640625, 0.921875, 0.927734375, 0.939453125, 0.95166015625, 0.96435546875, 0.97705078125, 0.990234375, 0.9970703125, 1.0]}}