{"0": {"t": [0.0, 1.0, 1.1052098515052333, 1.2214888158642199, 1.3500014727965977, 1.492034927281374, 1.6490117004212688, 1.8225039765529827, 2.014249349293819, 2.2261682242275347, 2.4603830525241825, 2.7192395881262446, 3.0053303814001584, 3.3215207445514348, 3.670977448857243, 4.057200441130575, 4.484057897068889, 4.955824962560375, 5.4772265709572805, 6.053484765148214, 6.6903709983786515, 7.394263937632988, 8.172213348501856, 9.03201070136682, 9.982267206051302, 11.03250005648552, 12.19322774915984, 13.476075430018433, 14.893891324883999, 16.46087541951013, 18.19272167804293, 20.10677522426587, 22.222206059859978, 24.56020105953655, 27.144176165949066, 30.00001090960045, 33.156307602554904, 36.64467780188153, 40.50005891187461, 44.761064095946146, 49.470369002696856, 54.6751391793797, 60.42750245347018, 66.78507101343192, 73.81151841752157, 90.15994422895847, 99.64565857300727, 110.12936351461455, 121.71605749635297, 134.52178583134682], "a": [0.55712890625, 0.59423828125, 0.62353515625, 0.642578125, 0.65380859375, 0.65185546875, 0.6416015625, 0.62353515625, 0.60107421875, 0.57861328125, 0.55908203125, 0.54345703125, 0.53369140625, 0.52490234375, 0.521484375, 0.5205078125, 0.5244140625, 0.5322265625, 0.541015625, 0.55078125, 0.55859375, 0.56689453125, 0.5751953125, 0.58642578125, 0.599609375, 0.61328125, 0.6318359375, 0.64892578125, 0.66796875, 0.69140625, 0.71337890625, 0.73388671875, 0.7626953125, 0.787109375, 0.81005859375, 0.83642578125, 0.8603515625, 0.88525390625, 0.9052734375, 0.9248046875, 0.94384765625, 0.958984375, 0.9697265625, 0.97900390625, 0.9892578125, 0.998046875, 0.9951171875, 1.0, 0.9990234375, 1.0]}}