{"0": {"t": [0.0, 1.0, 1.1052098515052333, 1.2214888158642199, 1.3500014727965977, 1.492034927281374, 1.6490117004212688, 2.014249349293819, 2.2261682242275347, 2.4603830525241825, 2.7192395881262446, 3.0053303814001584, 3.3215207445514348, 3.670977448857243, 4.057200441130575, 4.484057897068889, 4.955824962560375, 5.4772265709572805, 6.053484765148214, 6.6903709983786515, 7.394263937632988, 8.172213348501856, 9.03201070136682, 11.03250005648552], "a": [1.0, 0.9912109375, 0.98291015625, 0.96875, 0.95947265625, 0.95166015625, 0.94189453125, 0.94384765625, 0.947265625, 0.95166015625, 0.9560546875, 0.96142578125, 0.9677734375, 0.97314453125, 0.97802734375, 0.98291015625, 0.986328125, 0.990234375, 0.9931640625, 0.9951171875, 0.9970703125, 0.998046875, 0.9990234375, 1.0]}}