{"0": {"t": [0.0, 1.0, 1.1052098515052333, 1.2214888158642199, 1.3500014727965977, 1.492034927281374, 1.6490117004212688, 1.8225039765529827, 2.014249349293819, 2.2261682242275347, 2.4603830525241825, 2.7192395881262446, 3.0053303814001584, 3.3215207445514348, 3.670977448857243, 4.057200441130575, 4.484057897068889, 4.955824962560375, 5.4772265709572805, 6.053484765148214, 6.6903709983786515, 7.394263937632988, 8.172213348501856, 9.03201070136682, 9.982267206051302, 11.03250005648552, 12.19322774915984, 13.476075430018433, 14.893891324883999, 16.46087541951013, 18.19272167804293, 20.10677522426587, 22.222206059859978, 24.56020105953655, 27.144176165949066, 30.00001090960045, 33.156307602554904, 36.64467780188153, 40.50005891187461, 44.761064095946146, 49.470369002696856, 54.6751391793797, 60.42750245347018, 66.78507101343192, 73.81151841752157, 81.57721730960478, 90.15994422895847, 99.64565857300727, 110.12936351461455, 121.71605749635297, 134.52178583134682, 148.67480294288157, 164.3168568830719, 181.6046089955465, 200.71120294063405, 221.82799879745482, 245.16648961063805, 270.9604195766328, 299.46812508408595, 330.97512205473316, 365.7969654980384, 404.2824099191518, 446.8169022329235, 493.82644216687754, 545.7818488166129, 603.2034760848602, 666.6664242311887, 736.8062997280774, 814.3255811105886, 900.0006545761462, 994.6895897987149, 1099.34073383524, 1215.0022091956994, 1342.832411203709, 1484.1116097828665, 1640.254771865314, 1812.8257328440136, 2003.5528590013994, 2214.3463577798216, 2447.31740926299, 2704.7993104777206, 2989.3708442845414, 3303.882106905791, 3651.483052764145, 4035.6550425193395, 4460.245710269144, 4929.507499123413, 5448.140251100125, 6021.338277898052, 6654.842383978481, 7354.997362987588, 8128.8155433689, 8984.047019600172, 9929.257272448336, 10973.912955639891, 12128.476708134116, 13404.511941581583, 14814.798652455504, 16373.461418760273, 18096.11086325474, 20000.000000000004], "a": [0.00861358642578125, 0.01126861572265625, 0.0172576904296875, 0.0212554931640625, 0.024993896484375, 0.0287017822265625, 0.032196044921875, 0.034912109375, 0.03863525390625, 0.043670654296875, 0.05059814453125, 0.05712890625, 0.065185546875, 0.0732421875, 0.08160400390625, 0.08807373046875, 0.0899658203125, 0.0902099609375, 0.08587646484375, 0.08026123046875, 0.072998046875, 0.0677490234375, 0.06427001953125, 0.061004638671875, 0.0599365234375, 0.06170654296875, 0.0635986328125, 0.06658935546875, 0.07000732421875, 0.0750732421875, 0.081298828125, 0.08746337890625, 0.0941162109375, 0.1004638671875, 0.09942626953125, 0.09893798828125, 0.0953369140625, 0.09124755859375, 0.09210205078125, 0.0911865234375, 0.0906982421875, 0.09051513671875, 0.09100341796875, 0.0897216796875, 0.08807373046875, 0.0887451171875, 0.0877685546875, 0.08734130859375, 0.08770751953125, 0.08782958984375, 0.08758544921875, 0.0867919921875, 0.0865478515625, 0.08551025390625, 0.08612060546875, 0.0872802734375, 0.08721923828125, 0.0869140625, 0.08734130859375, 0.0870361328125, 0.08734130859375, 0.0880126953125, 0.0877685546875, 0.088134765625, 0.08880615234375, 0.08843994140625, 0.08868408203125, 0.08837890625, 0.087890625, 0.08831787109375, 0.0888671875, 0.0897216796875, 0.09075927734375, 0.09197998046875, 0.0928955078125, 0.0936279296875, 0.09417724609375, 0.094970703125, 0.09600830078125, 0.09637451171875, 0.09716796875, 0.0975341796875, 0.0986328125, 0.09912109375, 0.10009765625, 0.1009521484375, 0.10052490234375, 0.10113525390625, 0.10101318359375, 0.10076904296875, 0.10089111328125, 0.10113525390625, 0.1007080078125, 0.09979248046875, 0.09893798828125, 0.0977783203125, 0.0968017578125, 0.0966796875, 0.09576416015625, 0.09552001953125, 0.09503173828125]}}