{"0": {"t": [0.0, 1.0, 1.1052098515052333, 1.2214888158642199, 1.3500014727965977, 1.492034927281374, 1.6490117004212688, 1.8225039765529827, 2.014249349293819, 2.2261682242275347, 2.4603830525241825, 2.7192395881262446, 3.0053303814001584, 3.3215207445514348, 3.670977448857243, 4.057200441130575, 4.484057897068889, 4.955824962560375, 5.4772265709572805, 6.053484765148214, 6.6903709983786515, 7.394263937632988, 8.172213348501856, 9.03201070136682, 9.982267206051302, 11.03250005648552, 20.10677522426587], "a": [0.541015625, 0.53564453125, 0.52587890625, 0.513671875, 0.501953125, 0.49267578125, 0.487548828125, 0.486328125, 0.489501953125, 0.4970703125, 0.50732421875, 0.5205078125, 0.53466796875, 0.548828125, 0.5625, 0.57421875, 0.583984375, 0.59228515625, 0.59814453125, 0.6025390625, 0.60498046875, 0.607421875, 0.6083984375, 0.609375, 0.609375, 0.60986328125, 0.6103515625]}}