#/home/enes/bim/BIM.py trees/r8000056.trees,trees/r8000057.trees,trees/r8000058.trees,trees/r8000059.trees,trees/r8000060.trees,trees/r8000061.trees,trees/r8000062.trees 250 --stats=all --eta=etas/BC.json --out=outs/265638382.csv --r2t=0.005 --r2s=0.001
start,end,N,SS,FulD,ZngE,TajD,FerL,FayH,bsfs,btree,Colless,path
0,2501.0,250,8,1.1205475573559278,2.619606913593582,0.21244531826475432,-3.1959802209043846,-0.7217535251606304,-0.5567754330897459,-0.1269136927726421,0.03855892779328458,r8000056.trees
0,2501.0,250,4,0.9029723794226862,-0.6951809796094814,-0.34245179876482285,0.7177645425672519,0.1794289387009525,5.056170714293956e-07,0.6124887973254384,0.029505117243166214,r8000057.trees
0,2501.0,250,8,2.7476664446803647,-0.7205933882222807,-0.45471263322229677,0.6846377692802218,0.1077251219706601,-0.4746862891542405,0.49180636185132914,0.028164269983158442,r8000058.trees
0,2501.0,250,15,0.5430819992150974,-0.03351837294150579,-0.06055426986168518,0.011146656711232336,-0.0037189418670053654,-3.1232848154354443e-06,0.42336499543089273,0.030760137323487497,r8000059.trees
0,2501.0,250,8,4.374785332004802,-0.9497229820968447,-0.7181359930047173,0.8440059065012683,0.1147454646613637,-0.7232719327387556,0.30345447910666173,0.03281944984238027,r8000060.trees
0,2501.0,250,15,-1.4636660782230697,-0.721759757575806,-0.06242401104226994,0.8727932858118159,0.158625267100669,0.6467955933241734,-0.03640589832195507,0.039016280174461286,r8000061.trees
0,2501.0,250,4,-1.7193945226261713,0.218488074327624,0.9331348645932395,0.1651035611244356,0.19590920861608016,0.8286796299965205,-0.10081425976587635,0.03368311957507449,r8000062.trees
