#/home/enes/bim/BIM.py trees/r8010056.trees,trees/r8010057.trees,trees/r8010058.trees,trees/r8010059.trees,trees/r8010060.trees,trees/r8010061.trees,trees/r8010062.trees 250 --stats=all --eta=etas/BC.json --out=outs/396952868.csv --r2t=0.005 --r2s=0.001
start,end,N,SS,FerL,bsfs,ZngE,FayH,FulD,TajD,Colless,btree,path
0,2501.0,250,16,0.07720226290760177,-1.007223637421438,-0.5030736969758004,-0.08812793397661244,2.2636760987887685,-1.080778154182052,0.030136675735198862,0.34342182982799957,r8010056.trees
0,2501.0,250,6,0.906767513924864,-3.1178367348751664e-06,-1.0548545766511157,0.12705226041037712,0.032958223794149984,-0.8798770960001382,0.03147150815242537,0.21406654518156948,r8010057.trees
0,2501.0,250,6,-0.5293842957372515,0.8282390765490043,1.0868771581212167,0.08263136463016038,-1.9642299758823032,1.744989656904751,0.030917217256121267,0.5609548819107967,r8010058.trees
0,2501.0,250,2,0.5812860472080146,-4.167578474054706e-06,-0.6877316183086386,0.15066243541819008,-1.3182224822321018,-0.632872108408367,0.042133973682749425,-0.05900904813016704,r8010059.trees
0,2501.0,250,7,0.0881915400575457,1.690525703800356e-05,-0.2651795561522171,-0.03895806574797151,1.5276143141084952,-0.505502108365858,0.04102122776821572,-0.12306081915637486,r8010060.trees
0,2501.0,250,7,0.9915404038078905,-0.7952797447245696,-1.3935776955330026,0.0556306801170466,-2.0558699516774643,-1.572373014354793,0.03595487942553625,0.032561255066294495,r8010061.trees
0,2501.0,250,10,0.18854216553912698,-0.9572002851838927,-0.5085170774132707,-0.05635070849474222,3.2538034726531517,-0.9067363623359395,0.039109844395503156,-0.6633643153881961,r8010062.trees
