#/home/enes/bim/BIM.py trees/ir8110033.trees,trees/ir8110034.trees,trees/ir8110035.trees,trees/ir8110036.trees,trees/ir8110037.trees,trees/ir8110038.trees,trees/ir8110039.trees 250 --stats=all --eta=etas/BC.json --out=outs/576863554.csv --r2t=0.005 --r2s=0.001
start,end,N,SS,FayH,FerL,ZngE,TajD,FulD,bsfs,Colless,btree,path
0,2501.0,250,7,0.15066181707643486,0.8372950644066227,-0.843275154652718,-0.464284843557782,-0.26412781878448416,1.690525703800356e-05,0.05930172302111673,-1.2969841995394547,ir8110033.trees
0,2501.0,250,4,-0.02981898837768416,-0.5482916494811508,0.7934694617190783,0.9633816025156665,0.9029723794226858,0.5522559858731861,0.03439564710454722,0.23326787030780805,ir8110034.trees
0,2501.0,250,6,0.23730368165148902,0.6393581108742545,-0.30003221740470637,0.5395542346036472,-1.9642299758823034,0.6451146309483138,0.05651638813317787,-1.4304356406201266,ir8110035.trees
0,2501.0,250,10,0.14419652596690843,0.7904231872298576,-0.7230414541567094,-0.23902546840673142,-2.2591619954937,0.3898057502250103,0.09353543205078378,-2.6825148389362448,ir8110036.trees
0,2501.0,250,8,0.05355107820383123,-1.0222511735982904,1.8049239131506885,2.550059717159517,-2.133690217292945,3.3964331042885743,0.04777173208964892,-1.1006615668533377,ir8110037.trees
0,2501.0,250,7,0.07045078177844669,-0.23667421204263406,0.6019638415985342,1.0726125528752066,-0.26412781878448427,1.2593541654032128,0.04159649350088526,-0.438752457915466,ir8110038.trees
0,2501.0,250,5,-0.04601678108155756,-1.9401503927218806,2.9432813088013536,3.7210176256964576,-1.854344998188919,2.3358210569679403,0.05978753724575722,-1.8374775381724582,ir8110039.trees
