#/home/enes/bim/BIM.py trees/r8060098.trees,trees/r8060099.trees,trees/ir8060000.trees,trees/ir8060001.trees,trees/ir8060002.trees,trees/ir8060003.trees,trees/ir8060004.trees 250 --stats=all --eta=etas/BC.json --out=outs/856188015.csv --r2t=0.005 --r2s=0.001
start,end,N,SS,FerL,TajD,FayH,FulD,bsfs,ZngE,btree,Colless,path
0,2501.0,250,11,-0.6218547753650775,2.0303531650012707,0.08181062888668744,-1.029123745469293,3.522057331177319,1.3030825095319152,-0.623836315575433,0.044630133436973696,ir8060000.trees
0,2501.0,250,2,0.5827156165773925,-0.435987288482378,0.19865121114398393,-1.3182224822321018,-4.167578474054706e-06,-0.6173518122626207,-0.03348616767938685,0.03990154165047286,ir8060001.trees
0,2501.0,250,3,-0.80264501860489,2.064632889595049,0.06236462330509905,-1.5479634052244726,1.2064994905652044,1.3948750765680857,-2.0703299082096014,0.07866951677678456,ir8060002.trees
0,2501.0,250,3,-0.015903046478918485,0.15699595474382247,0.02204516916831407,1.5999106058689658,1.7886284734303187e-05,0.07046015980584501,-1.6252290601991124,0.0650343308718746,ir8060003.trees
0,2501.0,250,4,-0.10440838502073004,1.3957667251281884,0.17958344123140688,0.9029723794226858,0.7273969006374564,0.6044344850424357,-2.7214687734133522,0.077147298872911,ir8060004.trees
0,2501.0,250,8,0.5818477583789966,0.40754275400755896,0.18252890995829377,-0.5065713299685084,0.569646581153092,-0.30306835049529784,0.22140817953949316,0.0325236429589325,r8060098.trees
0,2501.0,250,11,-0.2550337004419097,1.1476708142600731,0.06628714763141008,-1.029123745469293,3.711800825977125,0.659804115861485,0.39635512001728634,0.031377710254507765,r8060099.trees
