#/home/enes/bim/BIM.py trees/r8090007.trees,trees/r8090008.trees,trees/r8090009.trees,trees/r8090010.trees,trees/r8090011.trees,trees/r8090012.trees,trees/r8090013.trees 250 --stats=all --eta=etas/BC.json --out=outs/979331761.csv --r2t=0.005 --r2s=0.001
start,end,N,SS,bsfs,FulD,TajD,ZngE,FerL,FayH,btree,Colless,path
0,2501.0,250,8,0.9161594793486114,-2.133690217292945,0.4707455406670046,-0.22669181920377676,0.5166482032866315,0.17455015870913232,0.16941803563446434,0.03599343611003152,r8090007.trees
0,2501.0,250,9,1.2182880246888768,0.7828117394489834,0.6530217157329464,0.21955093828916403,0.04640614255739242,0.08236503405905998,1.1790132275082987,0.022633544932417843,r8090008.trees
0,2501.0,250,5,2.3776302168957693,-1.854344998188919,1.708455504064987,1.196258354040896,-0.6947408773978939,0.03522222774357277,0.09845866469228166,0.03224187070864102,r8090009.trees
0,2501.0,250,11,-0.2946482382722604,1.5338211835684221,-0.8011966269608143,-1.1389169976500997,1.0304155944505464,0.13081143024706104,0.5339222934240677,0.030091692936621037,r8090010.trees
0,2501.0,250,5,0.4108015521757331,-1.854344998188919,-0.05927857358559852,-0.6333011182672996,0.7721118666518189,0.21377213591927768,0.3733477700506368,0.029075981344733774,r8090011.trees
0,2501.0,250,9,1.1551279843745934,-0.7089587510095278,1.008218859661879,0.403044798083737,-0.009000336326503525,0.10917172378875405,0.5942902646806535,0.02820421470829555,r8090012.trees
0,2501.0,250,9,1.1085547122109732e-08,0.7828117394489834,0.8397506420245563,1.5087129276151376,-1.4839402284623686,-0.23849074671977818,-0.698973175630334,0.04167881202228268,r8090013.trees
